<?xml version="1.0" encoding="UTF-8"?>
<ti:module xmlns:ti="http://ti.appcelerator.org" xmlns:android="http://schemas.android.com/apk/res/android">
	<!--
		Similar to tiapp.xml, but contains module/platform specific
		configuration in <iphone>, <android>, and <mobileweb> sections
	-->
	<iphone>
	</iphone>
	<android xmlns:android="http://schemas.android.com/apk/res/android">
		<manifest>
			<application>
				<activity android:name="com.cbcnewmedia.cast.ExpandedControlsActivity"
                    android:configChanges="keyboard|keyboardHidden|orientation|screenLayout|uiMode|screenSize|smallestScreenSize"
                    android:theme="@style/ExpandedControllerTheme" />
		        <meta-data
					android:name="com.google.android.gms.cast.framework.OPTIONS_PROVIDER_CLASS_NAME"
					android:value="com.cbcnewmedia.cast.CastOptionsProvider" />
			</application>
		</manifest>
	</android>
	<mobileweb>
	</mobileweb>
	 <modules>
      <module platform="android">ti.playservices</module>
   </modules>
</ti:module>
